Modele,prix,Cylindre,Ann√©e
HONDA CB HORNET 600,4740,600 ABS,2008
HONDA CB HORNET 600,4740,600 ABS,2008
HONDA ST PAN EUROPEAN 1100,2170,1100 ABS,1994
HONDA ST PAN EUROPEAN 1300,9480,1300 ABS PACK,2015
HONDA CBR 650 R,8530,650 R,2021
HONDA VFR 1200,6840,1200 F,2011
HONDA ST PAN EUROPEAN 1300,6490,1300 ABS PACK,2009
HONDA CBR 650 R,8470,650 R,2022
HONDA DEAUVILLE 700,4020,700 ABS,2010
HONDA XL VARADERO 125,2090,125,2005
HONDA ST PAN EUROPEAN 1300,5130,1300 ABS,2015
HONDA GL GOLDWING 1800,16950,1800 F6C,2016
HONDA GL GOLDWING 1800,17220,1800,2013
HONDA F6C 1500,7070,1500 WALKYRIE,1998
HONDA GL GOLDWING 1800,29970,1800 AIRBAG,2021
HONDA CBR 650 R,8770,650 R,2021
HONDA CB 500,6370,500 F ABS,2020
HONDA CB 1100,9570,1100 EX,2015
HONDA CB,20350,750 FOUR,1971
HONDA CB 750,15840,750 FOUR,1979
HONDA GL GOLDWING 1800,16940,1800 F,2008
HONDA GL 1500,8060,1500,1989
HONDA VFR 1200,11400,1200 F DCT,2017
HONDA CB 400,4900,400 N,1981
HONDA ST PAN EUROPEAN 1300,7600,1300 ABS PACK,2014
HONDA CMX REBEL 500,6090,500,2022
HONDA CB 1300,4920,1300 F ABS,2010
HONDA CB 500,3980,500 X,2017
HONDA VFC 750,5220,750,1991
HONDA GL GOLDWING 1800,25190,1800 AIRBAG,2019
HONDA CB HORNET 600,5440,600,2015
HONDA GL GOLDWING 1800,11360,1800,2006
HONDA VFR 1200,5530,1200 F,2011
HONDA NC 700,4710,700 S,2013
HONDA CB HORNET 600,4740,600 ABS,2008
HONDA VFR 1200,8590,1200 F DCT,2013
HONDA CB 1300,4570,1300 F ABS,2010
HONDA NC 750,8970,750 X DCT,2021
HONDA VT SHADOW 125,6420,125,2001
HONDA VT SHADOW 125,3050,125,2000
HONDA GL GOLDWING 1800,13200,1800,2018
HONDA VFR 750,1060,750,1991
HONDA VFR 800,5930,800 FI VTEC,2015
HONDA CBF 1000,2220,1000,2007
HONDA CB 1000,11440,1000 R ABS,2020
HONDA VFC 750,4050,750,1994
HONDA VT SHADOW 750,6560,750 C,2006
HONDA CB 500,5610,500 X,2019
HONDA CB 500,5350,500 F ABS,2016
HONDA CBR 1000,8960,1000 RR FIRE BLADE,2012
HONDA GL GOLDWING 1800,19210,1800 AIRBAG,2016
HONDA CB 1100,9570,1100 EX,2015
HONDA CMX REBEL 500,6250,500,2019
HONDA VFR 800,11130,800 FI VTEC,2021
HONDA CB 1300,4750,1300 F,2004
HONDA NC 700,3950,700 X C-ABS,2014
HONDA CB 1100,7590,1100 EX,2017
HONDA CBF 600,3920,600 N,2012
HONDA CB 500,3100,500,2000
HONDA CBF 600,3390,600 S FAIRING ABS,2007
HONDA CTX 1300,9740,1300,2016
HONDA ST PAN EUROPEAN 1100,4020,1100,1998
HONDA VFR 800,6690,800 FI VTEC,2010
HONDA CBR 1100,4910,1100 XX,2008
HONDA ST PAN EUROPEAN 1100,4400,1100 ABS,2002
HONDA GL GOLDWING 1800,17250,1800,2013
HONDA XLV TRANSALP 680,4100,680 ABS,2009
HONDA XRV 750,6760,750 AFRICA TWIN,1995
HONDA CB HORNET 600,4740,600 ABS,2008
HONDA GL GOLDWING 1800,19250,1800,2012
HONDA CBF 500,5600,500 N ABS,2017
HONDA DEAUVILLE 700,4990,700,2016
HONDA GL GOLDWING 1800,11180,1800,2004
HONDA CB SEVEN FIFTY 750,2530,750,1999
HONDA CBF 500,5030,500 N ABS,2018
HONDA CB 500,1900,500,2004
HONDA CRF AFRICA TWIN 1100,13290,1100 L ADVENTURE SPORT,2022
HONDA CB 500,4300,500 F ABS,2014
HONDA CBF 1000,5270,1000 TRAVEL EDITION,2010
HONDA CBR 600,10590,600 RR,2016
HONDA CB 500,5530,500 F ABS,2019
HONDA GL GOLDWING 1800,11650,1800,2014
HONDA NT 1100,14240,1100,2023
HONDA F6C 1500,8480,1500 WALKYRIE,1998
HONDA CB 500,5350,500 F ABS,2020
HONDA CB 1100,9570,1100 EX,2015
HONDA GL GOLDWING 1500,7930,1500 SE,2001
HONDA CB 1000,8320,1000 R ABS,2017
HONDA CB 1000,5440,1000 R ABS,2013
HONDA CB SEVEN FIFTY 750,2580,750,1995
HONDA CB 650,9160,650 F,2020
HONDA CB X-11 1100,2820,1100,2000
HONDA CBR 650 R,9080,650 R,2022
HONDA CB 500,7190,500 X,2022
HONDA CBR 500,6990,500 RR ABS,2021
HONDA CBF 1000 F,4170,1000 F ABS,2011
HONDA CRF 250,2500,250,2014
HONDA CBF 650,7540,650,2023
HONDA CBR 125,1830,125,2008
HONDA CB,6430,900 F BOL D OR,1985
HONDA GL GOLDWING 1800,9900,1800,2009
HONDA CBR 125,2680,125 R,2005
HONDA CB HORNET 600,4740,600 ABS,2008
HONDA GL GOLDWING 1800,30150,1800 F AIRBAG,2019
HONDA VFR 800,3840,800 FI VTEC,2009
HONDA CBR 650 R,8610,650 R,2023
HONDA VT SHADOW 750,4160,750 C,2006
HONDA XL VARADERO 125,3680,125,2009
HONDA CB SEVEN FIFTY 750,3340,750,1999
HONDA CBR F 600,2700,600 SPORT,2000
HONDA CRF AFRICA TWIN 1000,12130,1000,2017
HONDA CX 400,4530,400,1979
HONDA CRF AFRICA TWIN 1100,20410,1100 L,2023
HONDA CB 1000,4560,1000 R,2009
HONDA CBR 600,3970,600 RR,2004
HONDA NC 750,5560,750 XAC-2F ABS,2014
HONDA CBF 600,3740,600 N ABS,2009
HONDA CRF AFRICA TWIN 1100,20160,1100 L,2023
HONDA ST PAN EUROPEAN 1300,4920,1300,2003
HONDA CB 1100,9570,1100 EX,2015
HONDA CB HORNET 600,2910,600,2007
HONDA RVF R 750,1630,750,1994
HONDA CB 650,5700,650 F,2016
HONDA CRF AFRICA TWIN 1100,17640,1100 L,2024
HONDA CBF 600,4250,600 N,2013
HONDA ST PAN EUROPEAN 1300,10560,1300 ABS PACK,2017
HONDA VFC 750,5260,750,1996
HONDA XL VARADERO 1000,3540,1000,2002
HONDA CB 1000,7820,1000 R ABS,2016
HONDA VFR 800,2070,800,1999
HONDA CRF AFRICA TWIN 1100,19040,1100 L,2024
HONDA CBR 125,4620,125,2021
HONDA CBR 125,1470,125,2006
HONDA CBF 600,3970,600 S A8 F ABS,2010
HONDA CBR 500,5630,500 RR ABS,2014
HONDA CB 750,16530,750 FOUR,1972
HONDA CB HORNET 600,4740,600 ABS,2008
HONDA CB 1000,11830,1000 R ABS,2022
HONDA VT SHADOW 1100,3620,1100 C2 ACE,1998
HONDA GL 1100,12960,1100,2023
HONDA CB 400,5040,400 N,1974
HONDA CB HORNET 600,1960,600,2003
HONDA CB HORNET 600,2970,600,2005
HONDA XL VARADERO 1000,4400,1000,2001
HONDA CBF 125,2650,125,2022
HONDA CBF 600,2340,600 S ABS,2006
HONDA GL GOLDWING 1800,61870,1800 AIRBAG,2015
HONDA ST PAN EUROPEAN 1300,9760,1300 ABS PACK,2017
HONDA ST PAN EUROPEAN 1300,4860,1300 ABS PACK,2006
HONDA VT SHADOW 1100,1920,1100 C,1996
HONDA VFR 1200,5330,1200 F,2012
HONDA CBR 650 R,7400,650 R,2020
HONDA CM 125,2480,125,1983
HONDA CB 1100,9570,1100 EX,2015
HONDA CB 1100,3000,1100,2001
HONDA CB 400,1950,400 N,1981
HONDA VFR 800,11530,800 FI VTEC,2019
HONDA CBF 1000 F,7270,1000 F ABS,2013
HONDA GL GOLDWING 1800,12420,1800,2012
HONDA CB 500,7530,500 F ABS,2023
HONDA CBF 1000 F,3840,1000 F ABS,2011
HONDA GL GOLDWING 1500,6250,1500 SE,1995
HONDA DEAUVILLE 650,830,650,2004
HONDA CMX REBEL 500,6430,500,2018
HONDA CRF AFRICA TWIN 1000,12430,1000,2020
HONDA CB HORNET 600,3850,600,2008
HONDA CB 650,8480,650 F,2024
HONDA XL VARADERO 1000,2190,1000,2000
HONDA ST PAN EUROPEAN 1300,5950,1300 ABS PACK,2014
HONDA CBR 125,1740,125,2007
HONDA CB HORNET 600,4740,600 ABS,2008
HONDA CB 125 R,4160,125,2021
HONDA CB X-11 1100,5240,1100,2002
HONDA DEAUVILLE 700,3070,700,2007
HONDA CB HORNET 600,3580,600 ABS,2012
HONDA CB 1000,10470,1000 R,2019
HONDA CB 500,5230,500 X,2021
HONDA CB 1000,7260,1000 R,2013
HONDA CB 500,4850,500 F ABS,2018
HONDA CBR 125,3300,125,2019
HONDA CB 1000,5900,1000 R,2010
HONDA CB SEVEN FIFTY 750,3740,750,1997
HONDA CRF 1000,14810,1000 AFRICA TWIN ABS DCT,2017
HONDA VFR 1200,5480,1200 F,2012
HONDA CROSSTOURER 1200,10980,1200,2019
HONDA CB 1000,6420,1000 R,2010
HONDA CB 1100,4800,1100,2001
